Company,Segment
2Plan,Financial Adviser
AAB Wealth,Financial Adviser
Abacus Advisers,Financial Adviser
abrdn,Technology Provider
Agility PR,Media/PR
Albert Goodman,Financial Adviser
Alpha House Wealth Management Ltd,Financial Adviser
Amber River Group,Financial Adviser
Andromeda,Technology Provider
Asset Management Financial Advisers,Financial Adviser
Astute Private Wealth,Financial Adviser
Attivo,Financial Adviser
Be-IQ Ltd,Technology Provider
Beckett Investment Management Group,Financial Adviser
Benchmark Capital,Financial Adviser
Blincoe Financial Planning,Financial Adviser
Cantab Asset Management,Financial Adviser
Capital Asset Management,Financial Adviser
Cardew Group,Media/PR
Cazenove Capital,Financial Adviser
Centology,Technology Provider
Chase de Vere,Financial Adviser
Chesterton House Financial Planning Ltd,Financial Adviser
Circadian,Technology Provider
Clifton Asset Management Ltd,Financial Adviser
Cooper Parry Wealth,Financial Adviser
Cornerstone Communicate,Media/PR
Couplr.AI,Technology Provider
Crowe Financial Planning UK Ltd,Financial Adviser
Delta Financial Management Ltd,Financial Adviser
Dennehy Wealth,Financial Adviser
Dorsum Ltd,Technology Provider
Ebcam Ltd,Financial Adviser
Edgemont Financial Services Ltd,Financial Adviser
eParaplan Connect,Financial Adviser
Equilibrium Financial Planning,Financial Adviser
Eva Wealth Management for Women,Financial Adviser
Evotra Ltd,Technology Provider
FT Adviser,Media/PR
JoyndUp Ltd,Technology Provider
Lansons Team Farner,Media/PR
Money Marketing,Media/PR
Nucleus,Technology Provider
Ortec Finance B.V.,Technology Provider
Professional Adviser,Media/PR
Professional Paraplanner,Media/PR
Re.LoA,Technology Provider
Royal London,Technology Provider
Software Mind,Technology Provider
SS&C Wealth Management,Technology Provider 